--
-- PostgreSQL database dump
--

-- Dumped from database version 12.9 (Debian 12.9-1.pgdg110+1)
-- Dumped by pg_dump version 12.9 (Ubuntu 12.9-0ubuntu0.20.04.1)

SET statement_timeout = 0;
SET lock_timeout = 0;
SET idle_in_transaction_session_timeout = 0;
SET client_encoding = 'UTF8';
SET standard_conforming_strings = on;
SELECT pg_catalog.set_config('search_path', '', false);
SET check_function_bodies = false;
SET xmloption = content;
SET client_min_messages = warning;
SET row_security = off;

SET default_tablespace = '';

SET default_table_access_method = heap;

--
-- Name: categories; Type: TABLE; Schema: public; Owner: thrymr
--

CREATE TABLE public.categories (
    id_cat integer NOT NULL,
    name character varying(25) NOT NULL
);


ALTER TABLE public.categories OWNER TO thrymr;

--
-- Name: categories_id_cat_seq; Type: SEQUENCE; Schema: public; Owner: thrymr
--

CREATE SEQUENCE public.categories_id_cat_seq
    AS integer
    START WITH 1
    INCREMENT BY 1
    NO MINVALUE
    NO MAXVALUE
    CACHE 1;


ALTER TABLE public.categories_id_cat_seq OWNER TO thrymr;

--
-- Name: categories_id_cat_seq; Type: SEQUENCE OWNED BY; Schema: public; Owner: thrymr
--

ALTER SEQUENCE public.categories_id_cat_seq OWNED BY public.categories.id_cat;


--
-- Name: items; Type: TABLE; Schema: public; Owner: thrymr
--

CREATE TABLE public.items (
    id_item integer NOT NULL,
    name character varying(40) NOT NULL,
    manufacter character varying(30) NOT NULL,
    id_cat integer NOT NULL,
    image text
);


ALTER TABLE public.items OWNER TO thrymr;

--
-- Name: items_id_item_seq; Type: SEQUENCE; Schema: public; Owner: thrymr
--

CREATE SEQUENCE public.items_id_item_seq
    AS integer
    START WITH 1
    INCREMENT BY 1
    NO MINVALUE
    NO MAXVALUE
    CACHE 1;


ALTER TABLE public.items_id_item_seq OWNER TO thrymr;

--
-- Name: items_id_item_seq; Type: SEQUENCE OWNED BY; Schema: public; Owner: thrymr
--

ALTER SEQUENCE public.items_id_item_seq OWNED BY public.items.id_item;


--
-- Name: pack; Type: TABLE; Schema: public; Owner: thrymr
--

CREATE TABLE public.pack (
    id_pack integer NOT NULL,
    id_item integer NOT NULL,
    id_rack integer NOT NULL,
    count numeric NOT NULL,
    measure character varying(4) NOT NULL,
    package character varying(15) NOT NULL
);


ALTER TABLE public.pack OWNER TO thrymr;

--
-- Name: pack_id_pack_seq; Type: SEQUENCE; Schema: public; Owner: thrymr
--

CREATE SEQUENCE public.pack_id_pack_seq
    AS integer
    START WITH 1
    INCREMENT BY 1
    NO MINVALUE
    NO MAXVALUE
    CACHE 1;


ALTER TABLE public.pack_id_pack_seq OWNER TO thrymr;

--
-- Name: pack_id_pack_seq; Type: SEQUENCE OWNED BY; Schema: public; Owner: thrymr
--

ALTER SEQUENCE public.pack_id_pack_seq OWNED BY public.pack.id_pack;


--
-- Name: rack; Type: TABLE; Schema: public; Owner: thrymr
--

CREATE TABLE public.rack (
    id_rack integer NOT NULL,
    "row" smallint NOT NULL,
    col smallint NOT NULL,
    count integer NOT NULL,
    max_count integer NOT NULL
);


ALTER TABLE public.rack OWNER TO thrymr;

--
-- Name: rack_id_rack_seq; Type: SEQUENCE; Schema: public; Owner: thrymr
--

CREATE SEQUENCE public.rack_id_rack_seq
    AS integer
    START WITH 1
    INCREMENT BY 1
    NO MINVALUE
    NO MAXVALUE
    CACHE 1;


ALTER TABLE public.rack_id_rack_seq OWNER TO thrymr;

--
-- Name: rack_id_rack_seq; Type: SEQUENCE OWNED BY; Schema: public; Owner: thrymr
--

ALTER SEQUENCE public.rack_id_rack_seq OWNED BY public.rack.id_rack;


--
-- Name: users; Type: TABLE; Schema: public; Owner: thrymr
--

CREATE TABLE public.users (
    id_usr integer NOT NULL,
    login character varying(30) NOT NULL,
    password character varying(50) NOT NULL
);


ALTER TABLE public.users OWNER TO thrymr;

--
-- Name: users_id_usr_seq; Type: SEQUENCE; Schema: public; Owner: thrymr
--

CREATE SEQUENCE public.users_id_usr_seq
    AS integer
    START WITH 1
    INCREMENT BY 1
    NO MINVALUE
    NO MAXVALUE
    CACHE 1;


ALTER TABLE public.users_id_usr_seq OWNER TO thrymr;

--
-- Name: users_id_usr_seq; Type: SEQUENCE OWNED BY; Schema: public; Owner: thrymr
--

ALTER SEQUENCE public.users_id_usr_seq OWNED BY public.users.id_usr;


--
-- Name: categories id_cat; Type: DEFAULT; Schema: public; Owner: thrymr
--

ALTER TABLE ONLY public.categories ALTER COLUMN id_cat SET DEFAULT nextval('public.categories_id_cat_seq'::regclass);


--
-- Name: items id_item; Type: DEFAULT; Schema: public; Owner: thrymr
--

ALTER TABLE ONLY public.items ALTER COLUMN id_item SET DEFAULT nextval('public.items_id_item_seq'::regclass);


--
-- Name: pack id_pack; Type: DEFAULT; Schema: public; Owner: thrymr
--

ALTER TABLE ONLY public.pack ALTER COLUMN id_pack SET DEFAULT nextval('public.pack_id_pack_seq'::regclass);


--
-- Name: rack id_rack; Type: DEFAULT; Schema: public; Owner: thrymr
--

ALTER TABLE ONLY public.rack ALTER COLUMN id_rack SET DEFAULT nextval('public.rack_id_rack_seq'::regclass);


--
-- Name: users id_usr; Type: DEFAULT; Schema: public; Owner: thrymr
--

ALTER TABLE ONLY public.users ALTER COLUMN id_usr SET DEFAULT nextval('public.users_id_usr_seq'::regclass);


--
-- Data for Name: categories; Type: TABLE DATA; Schema: public; Owner: thrymr
--

COPY public.categories (id_cat, name) FROM stdin;
1	Категория 1
2	Тест
\.


--
-- Data for Name: items; Type: TABLE DATA; Schema: public; Owner: thrymr
--

COPY public.items (id_item, name, manufacter, id_cat, image) FROM stdin;
1	Тестовый предмет 2	Производитель	1	
2	Тестовый предмет 2	Производитель	1	
3	Тестовый предмет 2	Производитель	1	
4	Тестовый предмет 3	Производитель	1	
5	Тест	Тест	2	
\.


--
-- Data for Name: pack; Type: TABLE DATA; Schema: public; Owner: thrymr
--

COPY public.pack (id_pack, id_item, id_rack, count, measure, package) FROM stdin;
1	1	3	10	шт.	Коробка
2	1	3	10	шт.	Коробка
3	2	4	10	шт.	Коробка
4	2	4	10	шт.	Коробка
5	3	5	10	шт.	Коробка
7	4	6	10	шт.	Коробка
8	4	6	10	шт.	Коробка
9	5	7	15	шт.	Ящик
\.


--
-- Data for Name: rack; Type: TABLE DATA; Schema: public; Owner: thrymr
--

COPY public.rack (id_rack, "row", col, count, max_count) FROM stdin;
14	3	4	0	20
15	3	5	0	20
1	1	1	0	20
2	1	2	0	20
3	1	3	2	20
4	1	4	2	20
5	1	5	2	20
6	2	1	2	20
7	2	2	1	20
8	2	3	2	20
9	2	4	1	20
10	2	5	1	20
11	3	1	1	20
12	3	2	1	20
13	3	3	1	20
\.


--
-- Data for Name: users; Type: TABLE DATA; Schema: public; Owner: thrymr
--

COPY public.users (id_usr, login, password) FROM stdin;
\.


--
-- Name: categories_id_cat_seq; Type: SEQUENCE SET; Schema: public; Owner: thrymr
--

SELECT pg_catalog.setval('public.categories_id_cat_seq', 3, true);


--
-- Name: items_id_item_seq; Type: SEQUENCE SET; Schema: public; Owner: thrymr
--

SELECT pg_catalog.setval('public.items_id_item_seq', 11, true);


--
-- Name: pack_id_pack_seq; Type: SEQUENCE SET; Schema: public; Owner: thrymr
--

SELECT pg_catalog.setval('public.pack_id_pack_seq', 16, true);


--
-- Name: rack_id_rack_seq; Type: SEQUENCE SET; Schema: public; Owner: thrymr
--

SELECT pg_catalog.setval('public.rack_id_rack_seq', 15, true);


--
-- Name: users_id_usr_seq; Type: SEQUENCE SET; Schema: public; Owner: thrymr
--

SELECT pg_catalog.setval('public.users_id_usr_seq', 1, false);


--
-- Name: categories categories_pkey; Type: CONSTRAINT; Schema: public; Owner: thrymr
--

ALTER TABLE ONLY public.categories
    ADD CONSTRAINT categories_pkey PRIMARY KEY (id_cat);


--
-- Name: items items_pkey; Type: CONSTRAINT; Schema: public; Owner: thrymr
--

ALTER TABLE ONLY public.items
    ADD CONSTRAINT items_pkey PRIMARY KEY (id_item);


--
-- Name: pack pack_pkey; Type: CONSTRAINT; Schema: public; Owner: thrymr
--

ALTER TABLE ONLY public.pack
    ADD CONSTRAINT pack_pkey PRIMARY KEY (id_pack);


--
-- Name: rack rack_pkey; Type: CONSTRAINT; Schema: public; Owner: thrymr
--

ALTER TABLE ONLY public.rack
    ADD CONSTRAINT rack_pkey PRIMARY KEY (id_rack);


--
-- Name: users users_pkey; Type: CONSTRAINT; Schema: public; Owner: thrymr
--

ALTER TABLE ONLY public.users
    ADD CONSTRAINT users_pkey PRIMARY KEY (id_usr);


--
-- Name: pack fk_id_rack; Type: FK CONSTRAINT; Schema: public; Owner: thrymr
--

ALTER TABLE ONLY public.pack
    ADD CONSTRAINT fk_id_rack FOREIGN KEY (id_rack) REFERENCES public.rack(id_rack);


--
-- Name: items items_id_cat_fkey; Type: FK CONSTRAINT; Schema: public; Owner: thrymr
--

ALTER TABLE ONLY public.items
    ADD CONSTRAINT items_id_cat_fkey FOREIGN KEY (id_cat) REFERENCES public.categories(id_cat) ON DELETE CASCADE;


--
-- Name: pack pack_id_item_fkey; Type: FK CONSTRAINT; Schema: public; Owner: thrymr
--

ALTER TABLE ONLY public.pack
    ADD CONSTRAINT pack_id_item_fkey FOREIGN KEY (id_item) REFERENCES public.items(id_item) ON DELETE CASCADE;


--
-- PostgreSQL database dump complete
--

